<?xml version="1.0" encoding="UTF-8"?><rss version="2.0"
	xmlns:content="http://purl.org/rss/1.0/modules/content/"
	xmlns:wfw="http://wellformedweb.org/CommentAPI/"
	xmlns:dc="http://purl.org/dc/elements/1.1/"
	xmlns:atom="http://www.w3.org/2005/Atom"
	xmlns:sy="http://purl.org/rss/1.0/modules/syndication/"
	xmlns:slash="http://purl.org/rss/1.0/modules/slash/"
	>

<channel>
	<title>Products &#8211; Linh Mon Clothing &amp; Shoes</title>
	<atom:link href="http://https://github.com/Linhmon999/mywordpress.github.io.git/shop/feed/" rel="self" type="application/rss+xml" />
	<link>http://https://github.com/Linhmon999/mywordpress.github.io.git/</link>
	<description>Thương hiệu Linh Mon</description>
	<lastBuildDate>Sun, 29 Aug 2021 13:01:17 +0000</lastBuildDate>
	<language>en-US</language>
	<sy:updatePeriod>
	hourly	</sy:updatePeriod>
	<sy:updateFrequency>
	1	</sy:updateFrequency>
	<generator>https://wordpress.org/?v=5.8</generator>

<image>
	<url>http://https://github.com/Linhmon999/mywordpress.github.io.git/wp-content/uploads/2021/08/cropped-cropped-cropped-Capture-32x32.png</url>
	<title>Products &#8211; Linh Mon Clothing &amp; Shoes</title>
	<link>http://https://github.com/Linhmon999/mywordpress.github.io.git/</link>
	<width>32</width>
	<height>32</height>
</image> 
	<item>
		<title>Áo Thun Unisex Nam SDVN Street Dance</title>
		<link>http://https://github.com/Linhmon999/mywordpress.github.io.git/product/ao-thun-unisex-nam-sdvn-street-dance/</link>
					<comments>http://https://github.com/Linhmon999/mywordpress.github.io.git/product/ao-thun-unisex-nam-sdvn-street-dance/#respond</comments>
		
		<dc:creator><![CDATA[Linh Mon]]></dc:creator>
		<pubDate>Sat, 21 Aug 2021 13:39:13 +0000</pubDate>
				<guid isPermaLink="false">http://https://github.com/Linhmon999/mywordpress.github.io.git/?post_type=product&#038;p=152</guid>

					<description><![CDATA[Chất liệu: Thun cotton 65/35 4 chiều, với 65% cotton, 35% polyester

Kĩ thuật in: In lụa Tem cổ đính trên cổ áo, size áo ở dưới tem cổ và in trên tag.

Kích cỡ gồm 4 size: S / M / L / XL.

Quý khách vui lòng tham khảo bảng thông số size ở ảnh cuối.]]></description>
		
					<wfw:commentRss>http://https://github.com/Linhmon999/mywordpress.github.io.git/product/ao-thun-unisex-nam-sdvn-street-dance/feed/</wfw:commentRss>
			<slash:comments>0</slash:comments>
		
		
			</item>
		<item>
		<title>Áo thun unisex from rộng cổ tròn tay lỡ</title>
		<link>http://https://github.com/Linhmon999/mywordpress.github.io.git/product/ao-thun-unisex-from-rong-co-tron-tay-lo/</link>
					<comments>http://https://github.com/Linhmon999/mywordpress.github.io.git/product/ao-thun-unisex-from-rong-co-tron-tay-lo/#respond</comments>
		
		<dc:creator><![CDATA[Linh Mon]]></dc:creator>
		<pubDate>Sat, 21 Aug 2021 13:10:07 +0000</pubDate>
				<guid isPermaLink="false">http://https://github.com/Linhmon999/mywordpress.github.io.git/?post_type=product&#038;p=140</guid>

					<description><![CDATA[🎀 Thông tin sản phẩm Áo thun unisex from rộng cổ tròn tay lỡ ( BẢN PHỔ THÔNG) + Chất liệu: 35% cotton, 65% spandex. Độ dày tiêu chuẩn, không xù lông, mềm mại cho làn da, cầm mát tay + From : Áo Free size nữ nam 70kg đổ lại ( cao &#60; m72) [&#8230;]]]></description>
		
					<wfw:commentRss>http://https://github.com/Linhmon999/mywordpress.github.io.git/product/ao-thun-unisex-from-rong-co-tron-tay-lo/feed/</wfw:commentRss>
			<slash:comments>0</slash:comments>
		
		
			</item>
		<item>
		<title>VÒNG CHARM GIÁ RẺ VTC01</title>
		<link>http://https://github.com/Linhmon999/mywordpress.github.io.git/product/vong-charm-gia-re-vtc01/</link>
					<comments>http://https://github.com/Linhmon999/mywordpress.github.io.git/product/vong-charm-gia-re-vtc01/#respond</comments>
		
		<dc:creator><![CDATA[Linh Mon]]></dc:creator>
		<pubDate>Sat, 21 Aug 2021 09:45:27 +0000</pubDate>
				<guid isPermaLink="false">http://https://github.com/Linhmon999/mywordpress.github.io.git/?post_type=product&#038;p=131</guid>

					<description><![CDATA[Vòng đeo tay đính charm là một kiểu vòng tay rất được các chị em ưa chuộng hiện nay, Vòng tay charm sở hữu những kiểu dáng độc đáo và màu sắc đa dạng, phong phú, chắc chắc sẽ là một món quà hê đặc biệt dành cho các cô nàng yêu thích vòng tay charm -  Lắc tay kết hợp với hạt charm sẽ cho các cô gái thoả sức sáng tạo với những chiếc vòng mang đậm dấu ấn của riêng mình.]]></description>
		
					<wfw:commentRss>http://https://github.com/Linhmon999/mywordpress.github.io.git/product/vong-charm-gia-re-vtc01/feed/</wfw:commentRss>
			<slash:comments>0</slash:comments>
		
		
			</item>
		<item>
		<title>Vòng charm VTC09 &#8211; Linh Mon Jewelry</title>
		<link>http://https://github.com/Linhmon999/mywordpress.github.io.git/product/vong-charm-menh-kim-mix-7-charm-linh-mon-jewelry/</link>
					<comments>http://https://github.com/Linhmon999/mywordpress.github.io.git/product/vong-charm-menh-kim-mix-7-charm-linh-mon-jewelry/#respond</comments>
		
		<dc:creator><![CDATA[Linh Mon]]></dc:creator>
		<pubDate>Sat, 21 Aug 2021 09:29:08 +0000</pubDate>
				<guid isPermaLink="false">http://https://github.com/Linhmon999/mywordpress.github.io.git/?post_type=product&#038;p=119</guid>

					<description><![CDATA[Vòng đeo tay đính charm là một kiểu vòng tay rất được các chị em ưa chuộng hiện nay, Vòng tay charm sở hữu những kiểu dáng độc đáo và màu sắc đa dạng, phong phú, chắc chắc sẽ là một món quà hê đặc biệt dành cho các cô nàng yêu thích vòng tay charm - Lắc tay kết hợp với hạt charm sẽ cho các cô gái thoả sức sáng tạo với những chiếc vòng mang đậm dấu ấn của riêng mình.]]></description>
		
					<wfw:commentRss>http://https://github.com/Linhmon999/mywordpress.github.io.git/product/vong-charm-menh-kim-mix-7-charm-linh-mon-jewelry/feed/</wfw:commentRss>
			<slash:comments>0</slash:comments>
		
		
			</item>
		<item>
		<title>Vòng Tay Charm VTC02 Linh Mon Jewelry</title>
		<link>http://https://github.com/Linhmon999/mywordpress.github.io.git/product/em114-nhan-cau-hon-dinh-hon-linh-mon-jewelry/</link>
					<comments>http://https://github.com/Linhmon999/mywordpress.github.io.git/product/em114-nhan-cau-hon-dinh-hon-linh-mon-jewelry/#respond</comments>
		
		<dc:creator><![CDATA[Linh Mon]]></dc:creator>
		<pubDate>Sat, 21 Aug 2021 09:06:56 +0000</pubDate>
				<guid isPermaLink="false">http://https://github.com/Linhmon999/mywordpress.github.io.git/?post_type=product&#038;p=109</guid>

					<description><![CDATA[Vòng đeo tay đính charm là một kiểu vòng tay rất được các chị em ưa chuộng hiện nay, Vòng tay charm sở hữu những kiểu dáng độc đáo và màu sắc đa dạng, phong phú, chắc chắc sẽ là một món quà hê đặc biệt dành cho các cô nàng yêu thích vòng tay charm - Lắc tay kết hợp với hạt charm sẽ cho các cô gái thoả sức sáng tạo với những chiếc vòng mang đậm dấu ấn của riêng mình.

Vòng tay charm chính hãng thường rất xa xỉ bởi giá thành có được nó cực đắt. Hiểu được điều này nên <strong>LinhMonJewelry.com </strong>đã sưu tập về những mẫu vòng tay charm được làm từ chất liệu hợp kim bạc, lấy cảm hứng từ những mẫu vòng tay charm nổi tiếng, <strong>Vòng tay charm giá rẻ </strong>tại cửa hàng chúng tôi chắc chắn sẽ làm các bạn hài lòng về mẫu mã cũng như chất lượng sản phẩm không hề thua kém những sản phẩm vòng tay charm bằng bạc. Hãy cùng chiêm ngưỡng nhé!]]></description>
		
					<wfw:commentRss>http://https://github.com/Linhmon999/mywordpress.github.io.git/product/em114-nhan-cau-hon-dinh-hon-linh-mon-jewelry/feed/</wfw:commentRss>
			<slash:comments>0</slash:comments>
		
		
			</item>
		<item>
		<title>HAPPY113 Nhẫn cưới đẹp vàng tây- Linh Mon Jewelry</title>
		<link>http://https://github.com/Linhmon999/mywordpress.github.io.git/product/happy113-nhan-cuoi-dep-vang-tay-linh-mon-jewelry/</link>
					<comments>http://https://github.com/Linhmon999/mywordpress.github.io.git/product/happy113-nhan-cuoi-dep-vang-tay-linh-mon-jewelry/#respond</comments>
		
		<dc:creator><![CDATA[Linh Mon]]></dc:creator>
		<pubDate>Sat, 21 Aug 2021 08:56:54 +0000</pubDate>
				<guid isPermaLink="false">http://https://github.com/Linhmon999/mywordpress.github.io.git/?post_type=product&#038;p=102</guid>

					<description><![CDATA[<ul>
 	<li>SP thiết kế 3D theo size tay. Thời gian hoàn thiện: 7 - 10 ngày.</li>
 	<li>Vàng vàng, Vàng trắng, Vàng hồng có giá ngang nhau.</li>
 	<li>Giá sản phẩm dao động tùy theo trọng lượng vàng, thời giá vàng, chất lượng màu và độ sạch đối với kim cương tự nhiên từ 3.5mm trở lên.</li>
 	<li>Miễn phí khắc chữ, miễn phí gửi bộ đo size nhẫn tận nơi cho khách hàng ở xa, miễn phí vận chuyển toàn quốc.</li>
</ul>]]></description>
		
					<wfw:commentRss>http://https://github.com/Linhmon999/mywordpress.github.io.git/product/happy113-nhan-cuoi-dep-vang-tay-linh-mon-jewelry/feed/</wfw:commentRss>
			<slash:comments>0</slash:comments>
		
		
			</item>
		<item>
		<title>HAPPY022 Nhẫn cưới đẹp vàng tây  &#8211; Linh Mon Jewelry</title>
		<link>http://https://github.com/Linhmon999/mywordpress.github.io.git/product/happy022-nhan-cuoi-dep-vang-tay-linh-mon-jewelry/</link>
					<comments>http://https://github.com/Linhmon999/mywordpress.github.io.git/product/happy022-nhan-cuoi-dep-vang-tay-linh-mon-jewelry/#respond</comments>
		
		<dc:creator><![CDATA[Linh Mon]]></dc:creator>
		<pubDate>Sat, 21 Aug 2021 01:47:02 +0000</pubDate>
				<guid isPermaLink="false">http://https://github.com/Linhmon999/mywordpress.github.io.git/?post_type=product&#038;p=23</guid>

					<description><![CDATA[<ul>
 	<li>SP thiết kế 3D theo size tay. Thời gian hoàn thiện: 7 - 10 ngày.</li>
 	<li>Vàng tây (vàng vàng), Vàng trắng, Vàng hồng có giá ngang nhau.</li>
 	<li>Giá sản phẩm dao động tùy theo trọng lượng vàng, thời giá vàng, chất lượng màu và độ sạch kim cương từ 3.5mm trở lên.</li>
 	<li>Miễn phí khắc chữ, miễn phí gửi bộ đo size nhẫn tận nơi cho khách hàng ở xa, miễn phí vận chuyển toàn quốc.</li>
</ul>]]></description>
		
					<wfw:commentRss>http://https://github.com/Linhmon999/mywordpress.github.io.git/product/happy022-nhan-cuoi-dep-vang-tay-linh-mon-jewelry/feed/</wfw:commentRss>
			<slash:comments>0</slash:comments>
		
		
			</item>
		<item>
		<title>HAPPY102B Nhẫn cưới kim cương  -Linh Mon Jewelry</title>
		<link>http://https://github.com/Linhmon999/mywordpress.github.io.git/product/happy102b-nhan-cuoi-kim-cuong-linh-mon-jewelry/</link>
					<comments>http://https://github.com/Linhmon999/mywordpress.github.io.git/product/happy102b-nhan-cuoi-kim-cuong-linh-mon-jewelry/#respond</comments>
		
		<dc:creator><![CDATA[Linh Mon]]></dc:creator>
		<pubDate>Sat, 21 Aug 2021 01:35:18 +0000</pubDate>
				<guid isPermaLink="false">http://https://github.com/Linhmon999/mywordpress.github.io.git/?post_type=product&#038;p=15</guid>

					<description><![CDATA[<ul>
 	<li>SP thiết kế 3D theo size tay. Thời gian hoàn thiện: 7 - 10 ngày.</li>
 	<li>Vàng tây (vàng vàng), Vàng trắng, Vàng hồng có giá ngang nhau.</li>
 	<li>Giá sản phẩm dao động tùy theo trọng lượng vàng, thời giá vàng, chất lượng màu và độ sạch kim cương từ 3.5mm trở lên.</li>
 	<li>Miễn phí khắc chữ, miễn phí gửi bộ đo size nhẫn tận nơi cho khách hàng ở xa, miễn phí vận chuyển toàn quốc.</li>
</ul>]]></description>
		
					<wfw:commentRss>http://https://github.com/Linhmon999/mywordpress.github.io.git/product/happy102b-nhan-cuoi-kim-cuong-linh-mon-jewelry/feed/</wfw:commentRss>
			<slash:comments>0</slash:comments>
		
		
			</item>
	</channel>
</rss>

<!--
Performance optimized by W3 Total Cache. Learn more: https://www.boldgrid.com/w3-total-cache/


Served from: linhmonjewelry.com @ 2021-09-09 13:49:55 by W3 Total Cache
-->