<?xml version="1.0" encoding="UTF-8"?><rss version="2.0"
	xmlns:content="http://purl.org/rss/1.0/modules/content/"
	xmlns:wfw="http://wellformedweb.org/CommentAPI/"
	xmlns:dc="http://purl.org/dc/elements/1.1/"
	xmlns:atom="http://www.w3.org/2005/Atom"
	xmlns:sy="http://purl.org/rss/1.0/modules/syndication/"
	xmlns:slash="http://purl.org/rss/1.0/modules/slash/"
	>

<channel>
	<title>Good Morning &#8211; Linh Mon Clothing &amp; Shoes</title>
	<atom:link href="http://https://github.com/Linhmon999/mywordpress.github.io.git/category/good-morning/feed/" rel="self" type="application/rss+xml" />
	<link>http://https://github.com/Linhmon999/mywordpress.github.io.git/</link>
	<description>Thương hiệu Linh Mon</description>
	<lastBuildDate>Wed, 01 Sep 2021 02:14:17 +0000</lastBuildDate>
	<language>en-US</language>
	<sy:updatePeriod>
	hourly	</sy:updatePeriod>
	<sy:updateFrequency>
	1	</sy:updateFrequency>
	<generator>https://wordpress.org/?v=5.8</generator>

<image>
	<url>http://https://github.com/Linhmon999/mywordpress.github.io.git/wp-content/uploads/2021/08/cropped-cropped-cropped-Capture-32x32.png</url>
	<title>Good Morning &#8211; Linh Mon Clothing &amp; Shoes</title>
	<link>http://https://github.com/Linhmon999/mywordpress.github.io.git/</link>
	<width>32</width>
	<height>32</height>
</image> 
	<item>
		<title>Giá trị cuộc sống tồn tại ở đâu xung quanh chúng ta?</title>
		<link>http://https://github.com/Linhmon999/mywordpress.github.io.git/gia-tri-cuoc-song-ton-tai-o-dau-xung-quanh-chung-ta/</link>
					<comments>http://https://github.com/Linhmon999/mywordpress.github.io.git/gia-tri-cuoc-song-ton-tai-o-dau-xung-quanh-chung-ta/#comments</comments>
		
		<dc:creator><![CDATA[Linh Mon]]></dc:creator>
		<pubDate>Mon, 30 Aug 2021 00:49:00 +0000</pubDate>
				<category><![CDATA[Good Morning]]></category>
		<guid isPermaLink="false">http://https://github.com/Linhmon999/mywordpress.github.io.git/?p=289</guid>

					<description><![CDATA[Giá trị cuộc sống là phạm vi trừu tượng và rộng lớn. Tùy theo cách nhìn nhận và đánh giá của mỗi người, giá trị cuộc sống lại mang đến một màu sắc, ý nghĩa riêng. Giá trị cuộc sống là những điều hạnh phúc, sống vô tư, sự lạc quan, yêu đời,… Không “đao to [&#8230;]]]></description>
		
					<wfw:commentRss>http://https://github.com/Linhmon999/mywordpress.github.io.git/gia-tri-cuoc-song-ton-tai-o-dau-xung-quanh-chung-ta/feed/</wfw:commentRss>
			<slash:comments>6</slash:comments>
		
		
			</item>
		<item>
		<title>Làm Người, Ngốc Một Chút Mới Là Hạnh Phúc, Thông Minh Quá Chỉ Mệt Mỏi Thân Mình</title>
		<link>http://https://github.com/Linhmon999/mywordpress.github.io.git/lam-nguoi-ngoc-mot-chut-moi-la-hanh-phuc-thong-minh-qua-chi-met-moi-than-minh/</link>
					<comments>http://https://github.com/Linhmon999/mywordpress.github.io.git/lam-nguoi-ngoc-mot-chut-moi-la-hanh-phuc-thong-minh-qua-chi-met-moi-than-minh/#respond</comments>
		
		<dc:creator><![CDATA[Linh Mon]]></dc:creator>
		<pubDate>Tue, 24 Aug 2021 14:13:29 +0000</pubDate>
				<category><![CDATA[Good Morning]]></category>
		<guid isPermaLink="false">http://https://github.com/Linhmon999/mywordpress.github.io.git/?p=276</guid>

					<description><![CDATA[Làm người, khờ khạo một chút mới là hạnh phúc Làm người, ngốc nghếch một chút, thì có thể thản nhiên đối đãi sự tình. Có câu rằng: “Kẻ ngốc có phúc của kẻ ngốc”, khờ khạo một chút, cũng không phải thể hiện rằng chỉ số thông minh thấp, hoặc là người chậm hiểu, [&#8230;]]]></description>
		
					<wfw:commentRss>http://https://github.com/Linhmon999/mywordpress.github.io.git/lam-nguoi-ngoc-mot-chut-moi-la-hanh-phuc-thong-minh-qua-chi-met-moi-than-minh/feed/</wfw:commentRss>
			<slash:comments>0</slash:comments>
		
		
			</item>
		<item>
		<title>Yêu thương, liệu có giản đơn?</title>
		<link>http://https://github.com/Linhmon999/mywordpress.github.io.git/yeu-thuong-lieu-co-gian-don/</link>
					<comments>http://https://github.com/Linhmon999/mywordpress.github.io.git/yeu-thuong-lieu-co-gian-don/#respond</comments>
		
		<dc:creator><![CDATA[Linh Mon]]></dc:creator>
		<pubDate>Tue, 24 Aug 2021 14:09:02 +0000</pubDate>
				<category><![CDATA[Good Morning]]></category>
		<guid isPermaLink="false">http://https://github.com/Linhmon999/mywordpress.github.io.git/?p=271</guid>

					<description><![CDATA[Nhắc đến yêu thương, bạn sẽ nghĩ đến ai hay điều gì? Thật mừng nếu tâm trí bạn xuất hiện bất kì ai đó hay một hình ảnh, vì như vậy nghĩa là bạn đã phần nào nếm trải được cái gọi là yêu thương. Nhưng yêu thương, hay tình yêu, thực sự rất rộng [&#8230;]]]></description>
		
					<wfw:commentRss>http://https://github.com/Linhmon999/mywordpress.github.io.git/yeu-thuong-lieu-co-gian-don/feed/</wfw:commentRss>
			<slash:comments>0</slash:comments>
		
		
			</item>
	</channel>
</rss>

<!--
Performance optimized by W3 Total Cache. Learn more: https://www.boldgrid.com/w3-total-cache/


Served from: linhmonjewelry.com @ 2021-09-09 13:53:55 by W3 Total Cache
-->