<?xml version="1.0" encoding="UTF-8"?><rss version="2.0"
	xmlns:content="http://purl.org/rss/1.0/modules/content/"
	xmlns:dc="http://purl.org/dc/elements/1.1/"
	xmlns:atom="http://www.w3.org/2005/Atom"
	xmlns:sy="http://purl.org/rss/1.0/modules/syndication/"
	
	>
<channel>
	<title>
	Comments for Linh Mon Clothing &amp; Shoes	</title>
	<atom:link href="http://https://github.com/Linhmon999/mywordpress.github.io.git/comments/feed/" rel="self" type="application/rss+xml" />
	<link>http://https://github.com/Linhmon999/mywordpress.github.io.git/</link>
	<description>Thương hiệu Linh Mon</description>
	<lastBuildDate>Wed, 08 Sep 2021 01:53:49 +0000</lastBuildDate>
	<sy:updatePeriod>
	hourly	</sy:updatePeriod>
	<sy:updateFrequency>
	1	</sy:updateFrequency>
	<generator>https://wordpress.org/?v=5.8</generator>
	<item>
		<title>
		Comment on Giá trị cuộc sống tồn tại ở đâu xung quanh chúng ta? by Linh Mon		</title>
		<link>http://https://github.com/Linhmon999/mywordpress.github.io.git/gia-tri-cuoc-song-ton-tai-o-dau-xung-quanh-chung-ta/#comment-12</link>

		<dc:creator><![CDATA[Linh Mon]]></dc:creator>
		<pubDate>Wed, 08 Sep 2021 01:53:49 +0000</pubDate>
		<guid isPermaLink="false">http://https://github.com/Linhmon999/mywordpress.github.io.git/?p=289#comment-12</guid>

					<description><![CDATA[fffffffffffffffffffffffffffffffff]]></description>
			<content:encoded><![CDATA[<p>fffffffffffffffffffffffffffffffff</p>
]]></content:encoded>
		
			</item>
		<item>
		<title>
		Comment on Giá trị cuộc sống tồn tại ở đâu xung quanh chúng ta? by Linh Mon		</title>
		<link>http://https://github.com/Linhmon999/mywordpress.github.io.git/gia-tri-cuoc-song-ton-tai-o-dau-xung-quanh-chung-ta/#comment-11</link>

		<dc:creator><![CDATA[Linh Mon]]></dc:creator>
		<pubDate>Wed, 08 Sep 2021 01:42:56 +0000</pubDate>
		<guid isPermaLink="false">http://https://github.com/Linhmon999/mywordpress.github.io.git/?p=289#comment-11</guid>

					<description><![CDATA[eeeeeeeeeeeeeeeeeeeeeeeeeeeeee]]></description>
			<content:encoded><![CDATA[<p>eeeeeeeeeeeeeeeeeeeeeeeeeeeeee</p>
]]></content:encoded>
		
			</item>
		<item>
		<title>
		Comment on Giá trị cuộc sống tồn tại ở đâu xung quanh chúng ta? by Linh Mon		</title>
		<link>http://https://github.com/Linhmon999/mywordpress.github.io.git/gia-tri-cuoc-song-ton-tai-o-dau-xung-quanh-chung-ta/#comment-10</link>

		<dc:creator><![CDATA[Linh Mon]]></dc:creator>
		<pubDate>Wed, 08 Sep 2021 01:38:27 +0000</pubDate>
		<guid isPermaLink="false">http://https://github.com/Linhmon999/mywordpress.github.io.git/?p=289#comment-10</guid>

					<description><![CDATA[spam]]></description>
			<content:encoded><![CDATA[<p>spam</p>
]]></content:encoded>
		
			</item>
		<item>
		<title>
		Comment on Giá trị cuộc sống tồn tại ở đâu xung quanh chúng ta? by Linh Mon		</title>
		<link>http://https://github.com/Linhmon999/mywordpress.github.io.git/gia-tri-cuoc-song-ton-tai-o-dau-xung-quanh-chung-ta/#comment-9</link>

		<dc:creator><![CDATA[Linh Mon]]></dc:creator>
		<pubDate>Wed, 08 Sep 2021 01:37:43 +0000</pubDate>
		<guid isPermaLink="false">http://https://github.com/Linhmon999/mywordpress.github.io.git/?p=289#comment-9</guid>

					<description><![CDATA[ddddddddddddđ]]></description>
			<content:encoded><![CDATA[<p>ddddddddddddđ</p>
]]></content:encoded>
		
			</item>
		<item>
		<title>
		Comment on Giá trị cuộc sống tồn tại ở đâu xung quanh chúng ta? by Linh Mon		</title>
		<link>http://https://github.com/Linhmon999/mywordpress.github.io.git/gia-tri-cuoc-song-ton-tai-o-dau-xung-quanh-chung-ta/#comment-8</link>

		<dc:creator><![CDATA[Linh Mon]]></dc:creator>
		<pubDate>Wed, 08 Sep 2021 01:32:16 +0000</pubDate>
		<guid isPermaLink="false">http://https://github.com/Linhmon999/mywordpress.github.io.git/?p=289#comment-8</guid>

					<description><![CDATA[ccccccccccccccccccccccccccccc]]></description>
			<content:encoded><![CDATA[<p>ccccccccccccccccccccccccccccc</p>
]]></content:encoded>
		
			</item>
		<item>
		<title>
		Comment on Giá trị cuộc sống tồn tại ở đâu xung quanh chúng ta? by Linh Mon		</title>
		<link>http://https://github.com/Linhmon999/mywordpress.github.io.git/gia-tri-cuoc-song-ton-tai-o-dau-xung-quanh-chung-ta/#comment-7</link>

		<dc:creator><![CDATA[Linh Mon]]></dc:creator>
		<pubDate>Wed, 08 Sep 2021 01:29:31 +0000</pubDate>
		<guid isPermaLink="false">http://https://github.com/Linhmon999/mywordpress.github.io.git/?p=289#comment-7</guid>

					<description><![CDATA[bbbbbbbbbbbbbbbbbbbbbbbbbbbbbbbbb]]></description>
			<content:encoded><![CDATA[<p>bbbbbbbbbbbbbbbbbbbbbbbbbbbbbbbbb</p>
]]></content:encoded>
		
			</item>
	</channel>
</rss>

<!--
Performance optimized by W3 Total Cache. Learn more: https://www.boldgrid.com/w3-total-cache/


Served from: linhmonjewelry.com @ 2021-09-09 13:49:22 by W3 Total Cache
-->