<?xml version="1.0" encoding="UTF-8"?><rss version="2.0"
	xmlns:content="http://purl.org/rss/1.0/modules/content/"
	xmlns:wfw="http://wellformedweb.org/CommentAPI/"
	xmlns:dc="http://purl.org/dc/elements/1.1/"
	xmlns:atom="http://www.w3.org/2005/Atom"
	xmlns:sy="http://purl.org/rss/1.0/modules/syndication/"
	xmlns:slash="http://purl.org/rss/1.0/modules/slash/"
	>

<channel>
	<title>Áo Nữ &#8211; Linh Mon Clothing &amp; Shoes</title>
	<atom:link href="http://https://github.com/Linhmon999/mywordpress.github.io.git/product-category/ao/ao-nu/feed/" rel="self" type="application/rss+xml" />
	<link>http://https://github.com/Linhmon999/mywordpress.github.io.git/</link>
	<description>Thương hiệu Linh Mon</description>
	<lastBuildDate>Sun, 29 Aug 2021 13:01:16 +0000</lastBuildDate>
	<language>en-US</language>
	<sy:updatePeriod>
	hourly	</sy:updatePeriod>
	<sy:updateFrequency>
	1	</sy:updateFrequency>
	<generator>https://wordpress.org/?v=5.8</generator>

<image>
	<url>http://https://github.com/Linhmon999/mywordpress.github.io.git/wp-content/uploads/2021/08/cropped-cropped-cropped-Capture-32x32.png</url>
	<title>Áo Nữ &#8211; Linh Mon Clothing &amp; Shoes</title>
	<link>http://https://github.com/Linhmon999/mywordpress.github.io.git/</link>
	<width>32</width>
	<height>32</height>
</image> 
	<item>
		<title>HAPPY113 Nhẫn cưới đẹp vàng tây- Linh Mon Jewelry</title>
		<link>http://https://github.com/Linhmon999/mywordpress.github.io.git/product/happy113-nhan-cuoi-dep-vang-tay-linh-mon-jewelry/</link>
					<comments>http://https://github.com/Linhmon999/mywordpress.github.io.git/product/happy113-nhan-cuoi-dep-vang-tay-linh-mon-jewelry/#respond</comments>
		
		<dc:creator><![CDATA[Linh Mon]]></dc:creator>
		<pubDate>Sat, 21 Aug 2021 08:56:54 +0000</pubDate>
				<guid isPermaLink="false">http://https://github.com/Linhmon999/mywordpress.github.io.git/?post_type=product&#038;p=102</guid>

					<description><![CDATA[<ul>
 	<li>SP thiết kế 3D theo size tay. Thời gian hoàn thiện: 7 - 10 ngày.</li>
 	<li>Vàng vàng, Vàng trắng, Vàng hồng có giá ngang nhau.</li>
 	<li>Giá sản phẩm dao động tùy theo trọng lượng vàng, thời giá vàng, chất lượng màu và độ sạch đối với kim cương tự nhiên từ 3.5mm trở lên.</li>
 	<li>Miễn phí khắc chữ, miễn phí gửi bộ đo size nhẫn tận nơi cho khách hàng ở xa, miễn phí vận chuyển toàn quốc.</li>
</ul>]]></description>
		
					<wfw:commentRss>http://https://github.com/Linhmon999/mywordpress.github.io.git/product/happy113-nhan-cuoi-dep-vang-tay-linh-mon-jewelry/feed/</wfw:commentRss>
			<slash:comments>0</slash:comments>
		
		
			</item>
	</channel>
</rss>

<!--
Performance optimized by W3 Total Cache. Learn more: https://www.boldgrid.com/w3-total-cache/


Served from: linhmonjewelry.com @ 2021-09-09 13:52:04 by W3 Total Cache
-->