<?xml version="1.0" encoding="UTF-8"?><rss version="2.0"
	xmlns:content="http://purl.org/rss/1.0/modules/content/"
	xmlns:dc="http://purl.org/dc/elements/1.1/"
	xmlns:atom="http://www.w3.org/2005/Atom"
	xmlns:sy="http://purl.org/rss/1.0/modules/syndication/"
	
	>
<channel>
	<title>
	Comments on: Vòng charm VTC09 &#8211; Linh Mon Jewelry	</title>
	<atom:link href="http://https://github.com/Linhmon999/mywordpress.github.io.git/product/vong-charm-menh-kim-mix-7-charm-linh-mon-jewelry/feed/" rel="self" type="application/rss+xml" />
	<link>http://https://github.com/Linhmon999/mywordpress.github.io.git/product/vong-charm-menh-kim-mix-7-charm-linh-mon-jewelry/</link>
	<description>Thương hiệu Linh Mon</description>
	<lastBuildDate>Sun, 29 Aug 2021 13:01:17 +0000</lastBuildDate>
	<sy:updatePeriod>
	hourly	</sy:updatePeriod>
	<sy:updateFrequency>
	1	</sy:updateFrequency>
	<generator>https://wordpress.org/?v=5.8</generator>
</channel>
</rss>

<!--
Performance optimized by W3 Total Cache. Learn more: https://www.boldgrid.com/w3-total-cache/


Served from: linhmonjewelry.com @ 2021-09-09 13:51:28 by W3 Total Cache
-->