<?xml version="1.0" encoding="UTF-8"?><rss version="2.0"
	xmlns:content="http://purl.org/rss/1.0/modules/content/"
	xmlns:wfw="http://wellformedweb.org/CommentAPI/"
	xmlns:dc="http://purl.org/dc/elements/1.1/"
	xmlns:atom="http://www.w3.org/2005/Atom"
	xmlns:sy="http://purl.org/rss/1.0/modules/syndication/"
	xmlns:slash="http://purl.org/rss/1.0/modules/slash/"
	>

<channel>
	<title>Vòng Charm &#8211; Linh Mon Clothing &amp; Shoes</title>
	<atom:link href="http://https://github.com/Linhmon999/mywordpress.github.io.git/product-tag/vong-charm/feed/" rel="self" type="application/rss+xml" />
	<link>http://https://github.com/Linhmon999/mywordpress.github.io.git/</link>
	<description>Thương hiệu Linh Mon</description>
	<lastBuildDate>Sun, 29 Aug 2021 13:01:17 +0000</lastBuildDate>
	<language>en-US</language>
	<sy:updatePeriod>
	hourly	</sy:updatePeriod>
	<sy:updateFrequency>
	1	</sy:updateFrequency>
	<generator>https://wordpress.org/?v=5.8</generator>

<image>
	<url>http://https://github.com/Linhmon999/mywordpress.github.io.git/wp-content/uploads/2021/08/cropped-cropped-cropped-Capture-32x32.png</url>
	<title>Vòng Charm &#8211; Linh Mon Clothing &amp; Shoes</title>
	<link>http://https://github.com/Linhmon999/mywordpress.github.io.git/</link>
	<width>32</width>
	<height>32</height>
</image> 
	<item>
		<title>VÒNG CHARM GIÁ RẺ VTC01</title>
		<link>http://https://github.com/Linhmon999/mywordpress.github.io.git/product/vong-charm-gia-re-vtc01/</link>
					<comments>http://https://github.com/Linhmon999/mywordpress.github.io.git/product/vong-charm-gia-re-vtc01/#respond</comments>
		
		<dc:creator><![CDATA[Linh Mon]]></dc:creator>
		<pubDate>Sat, 21 Aug 2021 09:45:27 +0000</pubDate>
				<guid isPermaLink="false">http://https://github.com/Linhmon999/mywordpress.github.io.git/?post_type=product&#038;p=131</guid>

					<description><![CDATA[Vòng đeo tay đính charm là một kiểu vòng tay rất được các chị em ưa chuộng hiện nay, Vòng tay charm sở hữu những kiểu dáng độc đáo và màu sắc đa dạng, phong phú, chắc chắc sẽ là một món quà hê đặc biệt dành cho các cô nàng yêu thích vòng tay charm -  Lắc tay kết hợp với hạt charm sẽ cho các cô gái thoả sức sáng tạo với những chiếc vòng mang đậm dấu ấn của riêng mình.]]></description>
		
					<wfw:commentRss>http://https://github.com/Linhmon999/mywordpress.github.io.git/product/vong-charm-gia-re-vtc01/feed/</wfw:commentRss>
			<slash:comments>0</slash:comments>
		
		
			</item>
		<item>
		<title>Vòng charm VTC09 &#8211; Linh Mon Jewelry</title>
		<link>http://https://github.com/Linhmon999/mywordpress.github.io.git/product/vong-charm-menh-kim-mix-7-charm-linh-mon-jewelry/</link>
					<comments>http://https://github.com/Linhmon999/mywordpress.github.io.git/product/vong-charm-menh-kim-mix-7-charm-linh-mon-jewelry/#respond</comments>
		
		<dc:creator><![CDATA[Linh Mon]]></dc:creator>
		<pubDate>Sat, 21 Aug 2021 09:29:08 +0000</pubDate>
				<guid isPermaLink="false">http://https://github.com/Linhmon999/mywordpress.github.io.git/?post_type=product&#038;p=119</guid>

					<description><![CDATA[Vòng đeo tay đính charm là một kiểu vòng tay rất được các chị em ưa chuộng hiện nay, Vòng tay charm sở hữu những kiểu dáng độc đáo và màu sắc đa dạng, phong phú, chắc chắc sẽ là một món quà hê đặc biệt dành cho các cô nàng yêu thích vòng tay charm - Lắc tay kết hợp với hạt charm sẽ cho các cô gái thoả sức sáng tạo với những chiếc vòng mang đậm dấu ấn của riêng mình.]]></description>
		
					<wfw:commentRss>http://https://github.com/Linhmon999/mywordpress.github.io.git/product/vong-charm-menh-kim-mix-7-charm-linh-mon-jewelry/feed/</wfw:commentRss>
			<slash:comments>0</slash:comments>
		
		
			</item>
	</channel>
</rss>

<!--
Performance optimized by W3 Total Cache. Learn more: https://www.boldgrid.com/w3-total-cache/


Served from: linhmonjewelry.com @ 2021-09-09 13:54:16 by W3 Total Cache
-->