<?xml version="1.0" encoding="UTF-8"?><rss version="2.0"
	xmlns:content="http://purl.org/rss/1.0/modules/content/"
	xmlns:wfw="http://wellformedweb.org/CommentAPI/"
	xmlns:dc="http://purl.org/dc/elements/1.1/"
	xmlns:atom="http://www.w3.org/2005/Atom"
	xmlns:sy="http://purl.org/rss/1.0/modules/syndication/"
	xmlns:slash="http://purl.org/rss/1.0/modules/slash/"
	>

<channel>
	<title>Áo Nam &#8211; Linh Mon Clothing &amp; Shoes</title>
	<atom:link href="http://https://github.com/Linhmon999/mywordpress.github.io.git/product-tag/ao-nam/feed/" rel="self" type="application/rss+xml" />
	<link>http://https://github.com/Linhmon999/mywordpress.github.io.git/</link>
	<description>Thương hiệu Linh Mon</description>
	<lastBuildDate>Sun, 22 Aug 2021 02:48:52 +0000</lastBuildDate>
	<language>en-US</language>
	<sy:updatePeriod>
	hourly	</sy:updatePeriod>
	<sy:updateFrequency>
	1	</sy:updateFrequency>
	<generator>https://wordpress.org/?v=5.8</generator>

<image>
	<url>http://https://github.com/Linhmon999/mywordpress.github.io.git/wp-content/uploads/2021/08/cropped-cropped-cropped-Capture-32x32.png</url>
	<title>Áo Nam &#8211; Linh Mon Clothing &amp; Shoes</title>
	<link>http://https://github.com/Linhmon999/mywordpress.github.io.git/</link>
	<width>32</width>
	<height>32</height>
</image> 
	<item>
		<title>Áo Thun Unisex Nam SDVN Street Dance</title>
		<link>http://https://github.com/Linhmon999/mywordpress.github.io.git/product/ao-thun-unisex-nam-sdvn-street-dance/</link>
					<comments>http://https://github.com/Linhmon999/mywordpress.github.io.git/product/ao-thun-unisex-nam-sdvn-street-dance/#respond</comments>
		
		<dc:creator><![CDATA[Linh Mon]]></dc:creator>
		<pubDate>Sat, 21 Aug 2021 13:39:13 +0000</pubDate>
				<guid isPermaLink="false">http://https://github.com/Linhmon999/mywordpress.github.io.git/?post_type=product&#038;p=152</guid>

					<description><![CDATA[Chất liệu: Thun cotton 65/35 4 chiều, với 65% cotton, 35% polyester

Kĩ thuật in: In lụa Tem cổ đính trên cổ áo, size áo ở dưới tem cổ và in trên tag.

Kích cỡ gồm 4 size: S / M / L / XL.

Quý khách vui lòng tham khảo bảng thông số size ở ảnh cuối.]]></description>
		
					<wfw:commentRss>http://https://github.com/Linhmon999/mywordpress.github.io.git/product/ao-thun-unisex-nam-sdvn-street-dance/feed/</wfw:commentRss>
			<slash:comments>0</slash:comments>
		
		
			</item>
		<item>
		<title>Áo thun unisex from rộng cổ tròn tay lỡ</title>
		<link>http://https://github.com/Linhmon999/mywordpress.github.io.git/product/ao-thun-unisex-from-rong-co-tron-tay-lo/</link>
					<comments>http://https://github.com/Linhmon999/mywordpress.github.io.git/product/ao-thun-unisex-from-rong-co-tron-tay-lo/#respond</comments>
		
		<dc:creator><![CDATA[Linh Mon]]></dc:creator>
		<pubDate>Sat, 21 Aug 2021 13:10:07 +0000</pubDate>
				<guid isPermaLink="false">http://https://github.com/Linhmon999/mywordpress.github.io.git/?post_type=product&#038;p=140</guid>

					<description><![CDATA[🎀 Thông tin sản phẩm Áo thun unisex from rộng cổ tròn tay lỡ ( BẢN PHỔ THÔNG) + Chất liệu: 35% cotton, 65% spandex. Độ dày tiêu chuẩn, không xù lông, mềm mại cho làn da, cầm mát tay + From : Áo Free size nữ nam 70kg đổ lại ( cao &#60; m72) [&#8230;]]]></description>
		
					<wfw:commentRss>http://https://github.com/Linhmon999/mywordpress.github.io.git/product/ao-thun-unisex-from-rong-co-tron-tay-lo/feed/</wfw:commentRss>
			<slash:comments>0</slash:comments>
		
		
			</item>
	</channel>
</rss>

<!--
Performance optimized by W3 Total Cache. Learn more: https://www.boldgrid.com/w3-total-cache/


Served from: linhmonjewelry.com @ 2021-09-09 13:54:03 by W3 Total Cache
-->