<?xml version="1.0" encoding="UTF-8"?><rss version="2.0"
	xmlns:content="http://purl.org/rss/1.0/modules/content/"
	xmlns:dc="http://purl.org/dc/elements/1.1/"
	xmlns:atom="http://www.w3.org/2005/Atom"
	xmlns:sy="http://purl.org/rss/1.0/modules/syndication/"
	
	>
<channel>
	<title>
	Comments on: yeu-thuong-lieu-co-gian-don-780&#215;405	</title>
	<atom:link href="http://https://github.com/Linhmon999/mywordpress.github.io.git/lam-nguoi-ngoc-mot-chut-moi-la-hanh-phuc-thong-minh-qua-chi-met-moi-than-minh/yeu-thuong-lieu-co-gian-don-780x405-2/feed/" rel="self" type="application/rss+xml" />
	<link>http://https://github.com/Linhmon999/mywordpress.github.io.git/lam-nguoi-ngoc-mot-chut-moi-la-hanh-phuc-thong-minh-qua-chi-met-moi-than-minh/yeu-thuong-lieu-co-gian-don-780x405-2/</link>
	<description>Thương hiệu Linh Mon</description>
	<lastBuildDate>Tue, 24 Aug 2021 14:16:06 +0000</lastBuildDate>
	<sy:updatePeriod>
	hourly	</sy:updatePeriod>
	<sy:updateFrequency>
	1	</sy:updateFrequency>
	<generator>https://wordpress.org/?v=5.8</generator>
</channel>
</rss>

<!--
Performance optimized by W3 Total Cache. Learn more: https://www.boldgrid.com/w3-total-cache/


Served from: linhmonjewelry.com @ 2021-09-09 13:54:36 by W3 Total Cache
-->